Iteration,Out Of Box,Front Area,Gross Volume,Net Volume,Deflation Factor
1,0,0.15496331617587836,0.32018792676853286,0.4648899485276351,0.6887391903881946
2,0,0.15090374388569275,0.3201879267685329,0.4527112316570783,0.7072674684843478
