id,length,bottom_diam_x,bottom_diam_y,middle_diam_x,middle_diam_y,top_diam_x,top_diam_y,bend
1,2.96479955650438,0.082948472495278,0.081204449546456,0.081588139537769,0.07987271810293,0.080227806580261,0.078540986659405,0.5
2,3.01424656938977,0.153343700274128,0.15493647337335,0.150904269328302,0.152471704184212,0.148464838382477,0.150006934995074,0
3,3.0220745441319,0.173514339349163,0.181431528358989,0.171594244115805,0.179423822171191,0.169674148882447,0.177416115983393,0.2
4,3.00451275723474,0.282601732036618,0.269585298091628,0.280770535627161,0.26783844528096,0.278939339217705,0.266091592470293,0.3
