Iteration,Out Of Box,Dislocated,Front Area,Gross Volume,Net Volume,Deflation Factor,Duation (sec.),Waiting Loops,Duration (tics),Settings_name
1,0,5,0,5,4.447781476468925,13.343344429406773,10.659046919288139,0.7988287326074835,8.924352,1,450,0-4
1,0,1,0,1,4.421672187346132,13.265016562038397,10.659046919288139,0.8035456924940464,10.512107,2,500,0-5
1,0,4,0,4,4.504429929875564,13.513289789626693,10.659046919288139,0.7887825307698516,8.379169,1,450,0-6
