Iteration,Out Of Box,Dislocated,Front Area,Gross Volume,Net Volume,Deflation Factor,Duation (sec.),Waiting Loops,Duration (tics),Settings_name
1,0,10,5.059751138959831,15.179253416879492,7.394446178568495,0.4871416251833435,2.197972,7,430,0-1
2,0,10,3.7443719547558265,11.233115864267479,7.394446178568495,0.6582720473924973,2.089136,6,380,0-1
3,0,10,3.9286490605820177,11.785947181746053,7.394446178568495,0.627395156667674,2.854165,8,480,0-1
4,0,10,5.0757819619162685,15.227345885748806,7.394446178568495,0.4856030876325545,2.99942,9,530,0-1
