Iteration,Out Of Box,Dislocated(any),Dislocated(position),Dislocated(angle),Front Area,Gross Volume,Net Volume,Deflation Factor,Back area,Front Face Area,Back Face Area,Duation (sec.),Waiting Loops,Duration (tics)
1,0,10,10,0,4.379440371414621,13.138321114243862,7.394446178568495,0.5628151507540666,3.2497297003340595,4.229362540517344,2.779661240896552,0.131767,0,80,01
2,0,10,10,0,4.260403296948116,12.781209890844348,7.394446178568495,0.5785403918501808,3.274085413922089,4.191291703610533,2.817732077803364,0.111493,0,80,01
3,0,10,10,0,3.6674775509846618,11.002432652953985,7.394446178568495,0.6720737505794412,4.032983267483516,3.396089073921722,3.6129347074921743,0.088394,0,80,01
