Iteration,Out Of Box,Dislocated,Front Area,Gross Volume,Net Volume,Deflation Factor,Duation (sec.),Waiting Loops,Duration (tics),Settings_name
1,0,10,10,0,4.450341374953824,13.351024124861473,7.394446178568495,0.5538486118678344,0.09571,0,80,01
2,0,10,10,0,2.6803981830371884,8.041194549111566,7.394446178568495,0.919570610237937,0.07766,0,80,01
3,0,10,10,0,1.3732385457240857,4.119715637172257,7.394446178568495,1.794892373601783,0.081718,0,80,01
