Iteration,Out Of Box,Dislocated,Front Area,Gross Volume,Net Volume,Deflation Factor,Duation (sec.),Waiting Loops,Duration (tics),Settings_name
1,0,10,10,0,2.6887698202699957,8.066309460809986,7.394446178568495,0.9167074750224095,0.077092,0,80,01
2,0,10,10,0,3.293342995246498,9.880028985739495,7.394446178568495,0.7484235308662953,0.076471,0,80,01
3,0,10,10,0,3.5985735010603754,10.795720503181126,7.394446178568495,0.6849423506647478,0.063977,0,80,01
