Iteration,Out Of Box,Dislocated,Front Area,Gross Volume,Net Volume,Deflation Factor,Duation (sec.),Waiting Loops,Duration (tics),Settings_name
1,14,47,4.812299604881599,14.436898814644799,10.825032741201976,0.7498170403619547,373.389654,15,2230,0-1
1,0,9,6.108906501344374,18.32671950403312,12.220181032567993,0.6667958785465519,482.910522,14,2980,0-1
1,0,16,6.531699913446399,19.595099740339197,12.220181032567993,0.6236345410077743,412.43779,11,2510,0-1
