Iteration,Out Of Box,Dislocated,Front Area,Gross Volume,Net Volume,Deflation Factor,Duation (sec.),Waiting Loops,Duration (tics),Settings_name
1,0,10,10,0,3.7434667204166425,11.230400161249928,7.394446178568495,0.658431228842829,0.097381,0,80,01
2,0,10,10,0,4.436390963763154,13.309172891289462,7.394446178568495,0.5555902112751112,0.089847,0,80,01
3,0,10,10,0,5.57825356549273,16.73476069647819,7.394446178568495,0.4418614829744561,0.083724,0,80,01
