Iteration,Out Of Box,Dislocated,Front Area,Gross Volume,Net Volume,Deflation Factor,Duation (sec.),Waiting Loops,Duration (tics),Settings_name
1,0,8,0,8,4.6553455787657,13.966036736297099,10.659046919288139,0.7632120064231077,3.094296,1,1170,0-3
1,0,8,2,7,2.3546504518404228,7.063951355521269,4.073393677522665,0.5766452050011431,23.808921,0,3280,0-2
