Iteration,Out Of Box,Dislocated(any),Dislocated(position),Dislocated(angle),Front Area,Gross Volume,Net Volume,Deflation Factor,Back area,Front Face Area,Back Face Area,Duation (sec.),Waiting Loops,Duration (tics)
1,0,10,10,1,4.730499342669618,14.191498028008855,7.394446178568495,0.5210476134354913,3.2654453045813074,4.20700465879916,2.8020191226147384,0.846968,3,230
2,0,10,10,1,4.367718215982667,13.103154647948003,7.3944461785684945,0.5643256434988722,2.925076495532,4.222285865304275,2.7867379161096215,1.768604,5,330
3,0,10,10,0,5.059196751275193,15.17759025382558,7.3944461785684945,0.4871950062497366,2.3083949035150058,4.9613097913025115,2.0477139901113848,1.325169,4,280
