Iteration,Out Of Box,Dislocated(any),Dislocated(position),Dislocated(angle),Front Area,Gross Volume,Net Volume,Deflation Factor,Back area,Front Face Area,Back Face Area,Duation (sec.),Waiting Loops,Duration (tics)
1,0,10,10,2,3.8253786422432587,11.476135926729777,7.394446178568495,0.644332397749458,5.009124225556032,2.9037565805010077,4.1052672009128885,0.883673,3,230
2,0,10,10,1,4.238127895461887,12.714383686385663,7.394446178568495,0.5815811730210988,2.4558912295857254,4.843709849843062,2.1653139315708336,1.485034,5,330
3,0,10,10,3,4.034286982605956,12.10286094781787,7.394446178568495,0.6109667962352079,3.1368186669232885,4.1121293970164015,2.8968943843974944,1.218263,4,280
