Iteration,Out Of Box,Dislocated(any),Dislocated(position),Dislocated(angle),Front Area,Gross Volume,Net Volume,Deflation Factor,Back area,Front Face Area,Back Face Area,Box overflow,Duration (sec.),Waiting Loops,Duration (tics)
1,200,15,12,10,0.0,0.0,0,DivBy0Error,0.0,0,0,False,409.578936,0,24040
2,200,25,19,16,0.0,0.0,0,DivBy0Error,0.0,0,0,False,459.928322,0,24040
3,200,23,18,16,0.0,0.0,0,DivBy0Error,0.0,0,0,False,776.787279,0,24040
4,200,24,11,15,0.0,0.0,0,DivBy0Error,0.0,0,0,False,782.917352,0,24040
5,200,16,7,13,0.0,0.0,0,DivBy0Error,0.0,0,0,False,407.697998,0,24040
6,200,8,6,4,0.0,0.0,0,DivBy0Error,0.0,0,0,False,345.268075,0,24040
7,200,19,14,16,0.0,0.0,0,DivBy0Error,0.0,0,0,False,560.573162,0,24040
8,200,10,3,8,0.0,0.0,0,DivBy0Error,1.4179321892775039,0,0,True,391.2238,0,24040
9,200,21,17,11,0.0,0.0,0,DivBy0Error,0.0,0,0,False,788.326237,0,24040
10,200,20,11,12,0.0,0.0,0,DivBy0Error,0.0,0,0,False,386.583084,0,24040
11,200,19,15,14,0.0,0.0,0,DivBy0Error,0.0,0,0,False,364.670265,0,24040
12,200,8,3,6,2.796596789057502,8.389790367172505,0,0.0,0.0,0,0,True,548.897036,0,24040
13,200,12,8,10,0.004786479233876095,0.014359437701628286,0,0.0,0.0,0,0,False,432.959305,0,24040
14,200,17,14,9,0.05494854179609843,0.16484562538829528,0,0.0,0.0,0,0,False,363.405445,0,24040
15,200,19,17,11,0.0,0.0,0,DivBy0Error,0.0,0,0,False,527.574392,0,24040
16,200,7,3,5,0.0,0.0,0,DivBy0Error,0.0,0,0,False,370.031831,0,24040
17,200,12,10,5,0.0018413739755009928,0.005524121926502978,0,0.0,0.0,0,0,False,379.609884,0,24040
18,200,23,15,17,0.0,0.0,0,DivBy0Error,0.0,0,0,False,517.32996,0,24040
19,200,12,11,8,0.0,0.0,0,DivBy0Error,0.0,0,0,False,565.458474,0,24040
20,200,12,7,6,0.0,0.0,0,DivBy0Error,0.0,0,0,False,361.509698,0,24040
