Iteration,Out Of Box,Dislocated(any),Dislocated(position),Dislocated(angle),Front Area,Gross Volume,Net Volume,Deflation Factor,Duation (sec.),Waiting Loops,Duration (tics)
1,0,1,0,1,1.848304760378729,5.544914281136187,4.073393677522665,0.7346179708098214,18.750837,3,670
2,0,1,0,1,1.826103583327793,5.478310749983379,4.073393677522663,0.7435492186227336,21.426149,3,670
