Iteration,Out Of Box,Dislocated(any),Dislocated(position),Dislocated(angle),Front Area,Gross Volume,Net Volume,Deflation Factor,Back area,Front Face Area,Back Face Area,Duation (sec.),Waiting Loops,Duration (tics)
1,0,4,0,4,5.446314165697526,16.338942497092578,12.220181032567993,0.7479175004589498,5.532359842147145,4.078073712782059,4.077161617255759,146.997346,5,930
2,0,1,0,1,5.3655299987757274,16.096589996327182,12.220181032567988,0.7591782505087296,5.330007973156,4.0845100394243,4.070725290613516,95.930149,1,730
3,0,4,0,4,5.5611542550056,16.6834627650168,12.220181032567991,0.7324727009426503,5.465428394555649,4.088052552054986,4.06718277798283,90.568128,1,730
