Iteration,Out Of Box,Dislocated,Front Area,Gross Volume,Net Volume,Deflation Factor,Duation (sec.),Duration (tics)
1,0,0,1.4261691839698885,4.278507551909666,7.394446178568495,1.7282769958576008,0.046499,0,40
2,0,0,1.0771016818211159,3.2313050454633476,7.394446178568495,2.288377629017127,0.048589,0,40
3,0,0,1.5063749982785315,4.519124994835595,7.394446178568495,1.6362561750380407,0.037368,0,40
