Iteration,Out Of Box,Dislocated(any),Dislocated(position),Dislocated(angle),Front Area,Gross Volume,Net Volume,Deflation Factor,Back area,Front Face Area,Back Face Area,Duation (sec.),Waiting Loops,Duration (tics)
1,0,10,10,0,3.622307880837828,10.866923642513484,7.394446178568495,0.680454415787004,3.9521671375289364,3.4932006163909692,3.515823165022927,0.188673,0,80
2,0,10,10,0,3.0960611574477404,9.28818347234322,7.394446178568495,0.7961132766796032,4.6446732515629,2.7867379161096224,4.222285865304275,0.137118,0,80
3,0,10,10,0,4.260245990966345,12.780737972899034,7.394446178568495,0.5785617539650745,3.221885762229585,4.257669964206593,2.7513538172073035,0.137932,0,80
