Iteration,Out Of Box,Dislocated,Front Area,Gross Volume,Net Volume,Deflation Factor,Duation (sec.),Waiting Loops,Duration (tics)
1,0,10,4.250388985802064,12.751166957406191,7.394446178568495,0.579903486737237,5.044863,0,40
2,0,10,5.586690270523726,16.76007081157118,7.3944461785684945,0.44119420864638337,5.040142,0,40
3,0,10,4.3761697246077595,13.128509173823279,7.394446178568495,0.5632357856223433,5.045755,0,40
