Iteration,Out Of Box,Dislocated(any),Dislocated(position),Dislocated(angle),Front Area,Gross Volume,Net Volume,Deflation Factor,Back area,Front Face Area,Back Face Area,Box overflow,Duration (sec.),Waiting Loops,Duration (tics)
1,200,0,0,0,0.0,0.0,0,DivBy0Error,0.0,0,0,False,0.943501,20,1100
2,200,0,0,0,0.0,0.0,0,DivBy0Error,0.0,0,0,False,0.980637,20,1100
3,200,0,0,0,0.0,0.0,0,DivBy0Error,0.0,0,0,False,0.972441,20,1100
4,200,0,0,0,0.0,0.0,0,DivBy0Error,0.0,0,0,False,0.962456,20,1100
5,200,0,0,0,0.0,0.0,0,DivBy0Error,0.0,0,0,False,0.963378,20,1100
6,200,0,0,0,0.0,0.0,0,DivBy0Error,0.0,0,0,False,0.957576,20,1100
7,200,2,2,2,0.0,0.0,0,DivBy0Error,0.0,0,0,False,1.021911,20,1100
8,200,0,0,0,0.0,0.0,0,DivBy0Error,0.0,0,0,False,0.962961,20,1100
9,200,0,0,0,0.0,0.0,0,DivBy0Error,0.0,0,0,False,0.960527,20,1100
10,200,0,0,0,0.0,0.0,0,DivBy0Error,0.0,0,0,False,0.979035,20,1100
11,200,0,0,0,0.0,0.0,0,DivBy0Error,0.0,0,0,False,0.96458,20,1100
12,200,0,0,0,0.0,0.0,0,DivBy0Error,0.0,0,0,False,0.960806,20,1100
13,200,0,0,0,0.0,0.0,0,DivBy0Error,0.0,0,0,False,0.965752,20,1100
14,200,1,1,1,0.0,0.0,0,DivBy0Error,0.0,0,0,False,0.946974,20,1100
15,200,0,0,0,0.0,0.0,0,DivBy0Error,0.0,0,0,False,0.98867,20,1100
16,200,0,0,0,0.0,0.0,0,DivBy0Error,0.0,0,0,False,0.97601,20,1100
17,200,0,0,0,0.0,0.0,0,DivBy0Error,0.0,0,0,False,0.961109,20,1100
18,200,0,0,0,0.0,0.0,0,DivBy0Error,0.0,0,0,False,0.96252,20,1100
19,200,0,0,0,0.0,0.0,0,DivBy0Error,0.0,0,0,False,0.994554,20,1100
20,200,1,1,1,0.0,0.0,0,DivBy0Error,0.0,0,0,False,0.955869,20,1100
