Iteration,Out Of Box,Dislocated(any),Dislocated(position),Dislocated(angle),Front Area,Gross Volume,Net Volume,Deflation Factor,Back area,Front Face Area,Back Face Area,Duation (sec.),Waiting Loops,Duration (tics)
1,0,10,10,0,4.284991859311888,12.854975577935665,7.394446178568495,0.5752205543867663,3.278443116688373,4.198017415577982,2.8110063658359143,0.090978,0,80
2,0,10,10,0,3.200350013966975,9.601050041900924,7.394446178568495,0.7701705694999648,4.662400903761858,2.7980245927690905,4.210999188644805,0.085375,0,80
3,0,10,10,0,4.453619897782078,13.360859693346233,7.3944461785684945,0.5534408973885836,3.2720846142991746,4.217407489292227,2.79161629212167,0.08375,0,80
