Iteration,Out Of Box,Dislocated(any),Dislocated(position),Dislocated(angle),Front Area,Gross Volume,Net Volume,Deflation Factor,Back area,Front Face Area,Back Face Area,Box overflow,Duration (sec.),Waiting Loops,Duration (tics)
1,0,2,0,2,5.028851758452672,15.086555275358016,10.659414106536623,0.706550561873288,4.934486212101692,3.6008871949715235,3.523785592210712,False,7.02006,1,150
2,0,3,0,3,5.104639094396128,15.313917283188385,10.659414106536627,0.6960605774094476,5.121969942975395,3.569172016823565,3.555500770358671,False,8.652464,2,200
3,0,4,0,4,4.978955470838253,14.936866412514759,10.659414106536621,0.7136312136798452,4.890608358307638,3.661551988452876,3.463120798729363,False,5.190086,1,150
4,0,1,0,1,5.197730409521428,15.593191228564285,10.659414106536618,0.683594137357223,5.133662684318827,3.5740355607035244,3.5506372264787114,False,10.449514,2,200
