Iteration,Out Of Box,Dislocated(any),Dislocated(position),Dislocated(angle),Front Area,Gross Volume,Net Volume,Deflation Factor,Back area,Front Face Area,Back Face Area,Duation (sec.),Waiting Loops,Duration (tics)
1,0,10,10,1,3.05030844360616,9.150925330818481,7.394446178568495,0.8080544765965343,4.615838418698971,2.772151176835085,4.236872604578812,0.284,1,130
2,0,10,10,4,4.996113086558659,14.988339259675978,7.394446178568495,0.493346597675582,2.2591412494284437,4.843119470250906,2.16590431116299,0.914489,4,280
3,0,10,10,0,3.6936532636937396,11.080959791081218,7.394446178568495,0.6673109837037849,3.9809647241900996,3.5545865125666283,3.4544372688472675,0.392141,2,180
