Iteration,Out Of Box,Dislocated(any),Dislocated(position),Dislocated(angle),Front Area,Gross Volume,Net Volume,Deflation Factor,Back area,Front Face Area,Back Face Area,Box overflow,Duration (sec.),Waiting Loops,Duration (tics)
1,200,0,0,0,0.0,0.0,0,DivBy0Error,0.0,0,0,False,0.932498,20,1100
2,200,0,0,0,0.0,0.0,0,DivBy0Error,0.0,0,0,False,0.936182,20,1100
3,200,0,0,0,0.0,0.0,0,DivBy0Error,0.0,0,0,False,0.929597,20,1100
4,200,0,0,0,0.0,0.0,0,DivBy0Error,0.0,0,0,False,0.931634,20,1100
5,200,0,0,0,0.0,0.0,0,DivBy0Error,0.0,0,0,False,0.934606,20,1100
6,200,0,0,0,0.0,0.0,0,DivBy0Error,0.0,0,0,False,0.924071,20,1100
7,200,0,0,0,0.0,0.0,0,DivBy0Error,0.0,0,0,False,0.931986,20,1100
8,200,0,0,0,0.0,0.0,0,DivBy0Error,0.0,0,0,False,0.930582,20,1100
9,200,1,1,0,0.0,0.0,0,DivBy0Error,0.0,0,0,False,0.971403,20,1100
10,200,0,0,0,0.0,0.0,0,DivBy0Error,0.0,0,0,False,0.935382,20,1100
11,200,0,0,0,0.0,0.0,0,DivBy0Error,0.0,0,0,False,0.937832,20,1100
12,200,0,0,0,0.0,0.0,0,DivBy0Error,0.0,0,0,False,0.939063,20,1100
13,200,0,0,0,0.0,0.0,0,DivBy0Error,0.0,0,0,False,0.933234,20,1100
14,200,0,0,0,0.0,0.0,0,DivBy0Error,0.0,0,0,False,0.931806,20,1100
15,200,0,0,0,0.0,0.0,0,DivBy0Error,0.0,0,0,False,0.929969,20,1100
16,200,0,0,0,0.0,0.0,0,DivBy0Error,0.0,0,0,False,0.934174,20,1100
17,200,0,0,0,0.0,0.0,0,DivBy0Error,0.0,0,0,False,0.930949,20,1100
18,200,0,0,0,0.0,0.0,0,DivBy0Error,0.0,0,0,False,0.927592,20,1100
19,200,0,0,0,0.0,0.0,0,DivBy0Error,0.0,0,0,False,0.929314,20,1100
20,200,0,0,0,0.0,0.0,0,DivBy0Error,0.0,0,0,False,0.936531,20,1100
