Iteration,Out Of Box,Dislocated,Front Area,Gross Volume,Net Volume,Deflation Factor,Duation (sec.),Duration (tics)
1,0,0,1.8266464337712116,5.479939301313635,4.073393677522665,0.7433282475494214,18.107317,13,810
2,0,0,1.8301137699119028,5.490341309735708,4.073393677522663,0.7419199367987465,15.127611,10,660
3,0,0,1.8090448183709165,5.42713445511275,4.073393677522663,0.7505606708684422,17.162131,10,660
4,0,0,1.8093811630961616,5.428143489288485,4.073393677522664,0.750421149617878,13.400895,9,610
5,0,0,1.9148709689721812,5.744612906916544,4.073393677522663,0.7090806192734547,11.937396,6,460
