Iteration,Out Of Box,Dislocated(any),Dislocated(position),Dislocated(angle),Front Area,Gross Volume,Net Volume,Deflation Factor,Back area,Front Face Area,Back Face Area,Box overflow,Duration (sec.),Waiting Loops,Duration (tics)
1,200,9,9,3,0.0,0.0,0,DivBy0Error,0.0,0,0,False,342.279269,0,24040
2,200,10,3,9,0.0,0.0,0,DivBy0Error,0.0,0,0,False,171.781534,0,24040
3,200,13,3,13,0.020933970319966244,0.06280191095989873,0,0.0,0.0,0,0,False,187.671446,0,24040
4,200,3,2,1,0.0,0.0,0,DivBy0Error,0.0,0,0,False,136.613087,0,24040
5,200,3,2,1,0.0,0.0,0,DivBy0Error,0.0,0,0,False,69.390725,0,24040
6,200,5,3,5,0.0,0.0,0,DivBy0Error,0.0,0,0,False,169.225253,0,24040
7,200,6,3,4,0.0,0.0,0,DivBy0Error,0.0,0,0,False,86.321268,0,24040
8,200,13,12,7,0.0,0.0,0,DivBy0Error,0.0,0,0,False,86.534274,0,24040
9,200,5,3,4,0.0,0.0,0,DivBy0Error,0.0,0,0,False,145.219972,0,24040
10,200,5,2,4,0.0,0.0,0,DivBy0Error,0.0,0,0,False,127.28209,0,24040
11,200,8,5,3,0.0,0.0,0,DivBy0Error,0.0,0,0,False,146.121093,0,24040
12,200,10,6,7,0.0,0.0,0,DivBy0Error,0.0,0,0,False,220.783622,0,24040
13,200,3,2,3,0.0,0.0,0,DivBy0Error,0.0,0,0,False,126.286472,0,24040
14,200,4,2,2,0.0,0.0,0,DivBy0Error,0.0,0,0,False,104.602681,0,24040
15,200,3,2,2,0.0,0.0,0,DivBy0Error,0.0,0,0,False,120.149834,0,24040
16,200,3,2,1,0.0,0.0,0,DivBy0Error,0.0,0,0,False,78.729073,0,24040
17,200,11,6,6,0.0,0.0,0,DivBy0Error,0.0,0,0,False,89.541645,0,24040
18,200,2,2,1,0.0,0.0,0,DivBy0Error,0.0,0,0,False,105.066505,0,24040
19,200,2,2,2,0.0,0.0,0,DivBy0Error,0.0,0,0,False,106.829735,0,24040
20,200,7,4,5,0.0,0.0,0,DivBy0Error,0.0,0,0,False,156.867216,0,24040
