Iteration,Out Of Box,Dislocated(any),Dislocated(position),Dislocated(angle),Front Area,Gross Volume,Net Volume,Deflation Factor,Back area,Front Face Area,Back Face Area,Box overflow,Duration (sec.),Waiting Loops,Duration (tics)
1,200,25,25,0,0.0,0.0,0,DivBy0Error,0.0,0,0,False,0.646433,20,1100
2,200,25,25,0,0.0,0.0,0,DivBy0Error,0.0,0,0,False,0.664949,20,1100
3,200,25,25,0,0.0,0.0,0,DivBy0Error,0.0,0,0,False,0.663243,20,1100
4,200,25,25,0,0.0,0.0,0,DivBy0Error,0.0,0,0,False,0.666184,20,1100
5,200,25,25,0,0.0,0.0,0,DivBy0Error,0.0,0,0,False,0.661001,20,1100
6,200,25,25,1,0.0,0.0,0,DivBy0Error,0.0,0,0,False,0.659435,20,1100
7,200,25,25,0,0.0,0.0,0,DivBy0Error,0.0,0,0,False,0.65397,20,1100
8,200,25,25,0,0.0,0.0,0,DivBy0Error,0.0,0,0,False,0.657392,20,1100
9,200,24,24,0,0.0,0.0,0,DivBy0Error,0.0,0,0,False,0.725552,20,1100
10,200,25,25,0,0.0,0.0,0,DivBy0Error,0.0,0,0,False,0.658734,20,1100
11,200,25,25,0,0.0,0.0,0,DivBy0Error,0.0,0,0,False,0.699882,20,1100
12,200,25,25,0,0.0,0.0,0,DivBy0Error,0.0,0,0,False,0.670808,20,1100
13,200,25,25,0,0.0,0.0,0,DivBy0Error,0.0,0,0,False,0.662589,20,1100
14,200,25,25,0,0.0,0.0,0,DivBy0Error,0.0,0,0,False,0.659511,20,1100
15,200,25,25,0,0.0,0.0,0,DivBy0Error,0.0,0,0,False,0.664236,20,1100
16,200,25,25,0,0.0,0.0,0,DivBy0Error,0.0,0,0,False,0.671521,20,1100
17,200,25,25,0,0.0,0.0,0,DivBy0Error,0.0,0,0,False,0.657585,20,1100
18,200,25,25,1,0.0,0.0,0,DivBy0Error,0.0,0,0,False,0.6552,20,1100
19,200,25,25,1,0.0,0.0,0,DivBy0Error,0.0,0,0,False,0.661096,20,1100
20,200,25,25,0,0.0,0.0,0,DivBy0Error,0.0,0,0,False,0.660339,20,1100
