Iteration,Out Of Box,Dislocated,Front Area,Gross Volume,Net Volume,Deflation Factor,Duation (sec.),Waiting Loops,Duration (tics)
1,0,0,2.515621542904401,7.546864628713203,5.746475195211182,0.7614387534324966,10.479882,3,430
2,0,2,2.591539555863645,7.774618667590935,5.746475195211182,0.739132739611498,8.160973,2,380
3,0,1,2.6038154004051814,7.811446201215544,5.746475195211179,0.7356480537902145,6.501172,1,330
