Iteration,Out Of Box,Dislocated,Front Area,Gross Volume,Net Volume,Deflation Factor,Duation (sec.),Waiting Loops,Duration (tics)
1,0,1,2.5296545017554686,7.588963505266406,5.746475195211182,0.7572147620980627,7.907709,2,380
2,0,1,2.524360927801811,7.573082783405433,5.746475195211179,0.7588026381810034,7.908738,2,380
