Iteration,Out Of Box,Dislocated(any),Dislocated(position),Dislocated(angle),Front Area,Gross Volume,Net Volume,Deflation Factor,Back area,Front Face Area,Back Face Area,Box overflow,Duration (sec.),Waiting Loops,Duration (tics)
1,200,3,1,3,0.0,0.0,0,DivBy0Error,0.0,0,0,False,103.17363,0,24040
2,200,2,2,0,0.0,0.0,0,DivBy0Error,0.0,0,0,False,118.061667,0,24040
3,200,6,5,3,0.0,0.0,0,DivBy0Error,0.0,0,0,False,219.649571,0,24040
4,200,3,2,2,0.0,0.0,0,DivBy0Error,0.0,0,0,False,97.086271,0,24040
5,200,4,3,2,0.0,0.0,0,DivBy0Error,0.0,0,0,False,163.507268,0,24040
6,200,1,0,1,0.0,0.0,0,DivBy0Error,0.0,0,0,False,126.251973,0,24040
7,200,0,0,0,0.0,0.0,0,DivBy0Error,0.0,0,0,False,67.33261,0,24040
8,200,5,4,2,0.0,0.0,0,DivBy0Error,0.0,0,0,False,79.690284,0,24040
9,200,3,2,1,0.0,0.0,0,DivBy0Error,0.0,0,0,False,57.629263,0,24040
10,200,2,1,2,0.0,0.0,0,DivBy0Error,0.0,0,0,False,78.499888,0,24040
11,200,3,1,3,0.0,0.0,0,DivBy0Error,0.0,0,0,False,101.52085,0,24040
12,200,1,0,1,0.0,0.0,0,DivBy0Error,0.0,0,0,False,76.767422,0,24040
13,200,3,2,2,0.0,0.0,0,DivBy0Error,0.0,0,0,False,63.612736,0,24040
14,200,3,3,0,0.0,0.0,0,DivBy0Error,0.0,0,0,False,94.164503,0,24040
15,200,4,3,4,0.0,0.0,0,DivBy0Error,0.0,0,0,False,120.494009,0,24040
16,200,2,1,2,0.0,0.0,0,DivBy0Error,0.0,0,0,False,99.876881,0,24040
17,200,0,0,0,0.0,0.0,0,DivBy0Error,0.0,0,0,False,95.084907,0,24040
18,200,5,2,4,0.0,0.0,0,DivBy0Error,0.0,0,0,False,82.715444,0,24040
19,200,2,2,0,0.0,0.0,0,DivBy0Error,0.0,0,0,False,79.64198,0,24040
20,200,2,1,1,0.0,0.0,0,DivBy0Error,0.0,0,0,False,94.622268,0,24040
