Iteration,Out Of Box,Dislocated(any),Dislocated(position),Dislocated(angle),Front Area,Gross Volume,Net Volume,Deflation Factor,Back area,Front Face Area,Back Face Area,Duation (sec.),Waiting Loops,Duration (tics),Settings ID
1,0,10,10,0,3.0606110497900687,9.181833149370206,7.394446178568495,0.8053344096190301,4.682610279276687,2.7246150651797634,4.284408716234133,0.086723,0,80
2,0,10,10,0,3.2411480658715806,9.723444197614741,7.394446178568495,0.7604760235454868,4.664743526806346,2.8006481780217816,4.208375603392115,0.08436,0,80
3,0,10,10,0,2.0194938759260106,6.058481627778032,7.394446178568495,1.22051144707035,5.952660131295021,1.4679497080794899,5.541074073334406,0.085887,0,80
